transcript,p_val,conf_mid,maternal_x,paternal_x,maternal_y,paternal_y,diff_is_sufficient,fdr
Ccdc47-201,2.1398521041362245e-22,0.6842105263157895,6,13,139,0,1,8.131437995717654e-21
Rpa1-202,1.104554948743357e-14,0.5916666666666667,6,9,119,1,1,1.0743531755376825e-13
Fbxw16-201,0.016943707223351007,-0.2198581560283688,25,0,440,124,1,0.026827536436972426
