,Row.names,log2FoldChange.x,padj.x,log2FoldChange.y,padj.y,TE_significance,RNA_significance
1,Anln-201,-2.7205629916841,9.59067571270984e-05,-0.899895778795496,0.048838243615174,-1,0
2,Atp13a3-202,-2.25728819641653,4.12718149823643e-05,0.707758087027383,0.0405302537154455,-1,0
3,Gpd1l-204,-2.17432105864399,0.000321227925169026,0.0475605547668256,0.909045613780499,-1,0
4,Ppp1r10-202,-2.80995201941471,0.00167131241088071,-3.83097389410838,7.49134539475813e-19,-1,-1
5,Ppp2r2a-201,-2.14750160261962,0.00956106412984144,-0.460792948296302,0.337687927954059,-1,0
6,Rif1-201,-2.29555082083688,3.68370063883073e-07,-0.899118552768132,0.0106244915166795,-1,0
7,Snd1-201,-4.51160132696554,0.000289730892473606,-3.32561486773662,1.18912225032371e-05,-1,-1
8,Tomm40-201,-5.45925583617027,0.00580563630551508,-0.00648273085641319,0.991995792065079,-1,0
